<?xml version="1.0"?>
<libraries>
  <library>
    <location>less/bootstrap3</location>
    <name>Twitter Bootstrap (.less files)</name>
    <license>MIT</license>
    <version>3.2.0</version>
  </library>
  <library>
    <location>amd/src/bootstrap.js</location>
    <name>Twitter Bootstrap (.js files)</name>
    <license>MIT</license>
    <version>3.2.0</version>
  </library>
  <library>
    <location>lessphp</location>
    <name>Less.php (https://github.com/oyejorge/less.php)</name>
    <license>Apache</license>
    <version>1.7.0.1</version>
    <licenseversion>2.0</licenseversion>
  </library>
  <library>
    <location>amd/src/headroom.js</location>
    <name>Headroom.js (https://github.com/WickyNilliams/headroom.js)</name>
    <license>MIT</license>
    <version>0.7.0</version>
  </library>
</libraries>
